id,title,content,image,publishedAt
1,Page 1,Contenido de la página 1,image1.webp,2025-10-01T00:00:00Z
2,Page 2,Contenido de la página 2,image1.webp,2023-10-02T00:00:00Z
3,Page 3,Contenido de la página 3,image1.webp,2025-10-01T00:00:00Z
4,Nosotros,Contenido de la página Nosotros,image1.webp,2025-10-01T00:00:00Z
5,Servicios,Contenido de la página Servicios,image1.webp,2025-10-01T00:00:00Z
6,Contacto,Contenido de la página Contacto,image1.webp,2025-10-01T00:00:00Z
7,FAQ,Contenido de la página FAQ,image1.webp,2025-10-01T00:00:00Z
8,Términos y Condiciones,Contenido de la página Términos y Condiciones,image1.webp,2025-10-01T00:00:00Z
9,Política de Privacidad,Contenido de la página Política de Privacidad,image1.webp,2025-10-01T00:00:00Z
10,Equipo,Contenido de la página Equipo,image1.webp,2025-10-01T00:00:00Z
11,Misión,Contenido de la página Misión,image1.webp,2025-10-01T00:00:00Z
12,Visión,Contenido de la página Visión,image1.webp,2025-10-01T00:00:00Z
13,Historia,Contenido de la página Historia,image1.webp,2025-10-01T00:00:00Z
14,Blog,Contenido de la página Blog,image1.webp,2025-10-01T00:00:00Z
15,Clientes,Contenido de la página Clientes,image1.webp,2025-10-01T00:00:00Z
16,Proyectos,Contenido de la página Proyectos,image1.webp,2025-10-01T00:00:00Z
17,Alianzas,Contenido de la página Alianzas,image1.webp,2025-10-01T00:00:00Z
18,Prensa,Contenido de la página Prensa,image1.webp,2025-10-01T00:00:00Z
19,Trabaja con Nosotros,Contenido de la página Trabaja con Nosotros,image1.webp,2025-10-01T00:00:00Z
20,Testimonios,Contenido de la página Testimonios,image1.webp,2025-10-01T00:00:00Z
